jÃ¡ pagou estudo para mim,320
as he suggeâ€¦,188
TravelBugBan,177
buffybeaver,98
DoolMei,80
BeauxReliose,67
solumuza flu bakÄ±yoruz demedik mi?,61
Ebolatrends,56
"why doesn't the flâ€¦\"",51
GetMyGist,48
Stableharleymom,48
ZombieIPU,43
"Jeff? Rob Hasselhoff? Where's he been? Ingolstadt? Leipzig? They're cold and fluâ€¦\"",43
fakehistorybot,42
NHSEnglandNorth,42
but we leave these conspirators free to smuggle another day? They're a criminal organizationâ€¦,40
emiliomordini,39
NaTransversal,39
hatovial,39
"Boiron can continue marketing Oscillocconum [a sugar pill] against flu-like symptâ€¦\"",37
JanetKrahenbuhl,37
meufakefavorito,37
"solumuza flu bakÄ±yoruz demedik mi? Zilletten gelen Allahâ€™tan gelsin diye tavÄ±r gÃ¶stermedik mâ€¦\"",36
Tribune_Health,36
bulanÄ±k,35
Rikinhuh,35
Unbeelievable,35
peruenlanoticia,35
kath2cats,34
fora_flusocio_5,34
topicforum,34
however,33
___kweenin,32
CovensureLLC,32
IlaazDesi,32
NETFLU,32
enzopereira7084,32
radiobrasil940,31
Crof,30
"it's simply a matter of time\" https://t.co/F2IdgtN6â€¦\"",30
"and each time I had a splitting headache\" - @emraanhashmi on attending award showsâ€¦\"",30
famfightflu,30
"a tornado is mere miles from my house and I still have the flu but I'mâ€¦\"",29
ProdromalStage,29
BotCongo,29
BiofluOfficial,28
TheDailyDisease,28
"nous allons faire appel aux mÃ©decins internationaux pourâ€¦\"",27
Vaccinizer,27
BitzHealth,27
OnTheLoose4NJH,26
makoto_au_japon,26
Shalisa_Renee,26
FrancisWasHere,25
III_Means_Free,25
PathogenScribe,25
VinciusCoelho79,25
EbolaNewsViews,25
FatherFlee,25
RogerBezanis,24
flushotbot,24
ISRAEL_PREDATOR,23
"these systems offer universal access to healthcare â€“ and they arenâ€™t toppled over by flu outâ€¦\"",23
doritmi,23
GlobaHealthNews,22
flufreewessex,21
Cattlechildren,21
Flu_Killer,21
"9.5 bathed with salt &amp; water toâ€¦\"",21
InfectiousDz,21
hofstetter_mary,21
lizditz,21
preventionsgn,20
anavalverdec,20
susceptible like us,20
DrJaneDoeNoMoe,19
DeenieeSmith,19
monitor_PH,19
genevievebanu,19
HelenBranswell,19
BackStoryRadio,19
tegegny,19
rebelfd,19
ponpokorin_02x,19
UsmleAid,18
"cada vez que cambies el agua lava y cepilla bien los tanques donde prolifera el mosquito\". Socializaâ€¦\"",18
thescienceboii,18
HealthWatch123,18
hashkolhapur,18
pat_health,17
"largely because of oral rehydration solution.\" httpâ€¦\"",17
SFlufighter,17
Oloni,17
bizzlsex,17
QueirozRildo,17
BanishMigraine,17
pppmoraes76,17
Imperialpeople,17
FLUMAIOR,16
article_support,16
snakeoilbot,16
AmeshAA,16
MsaadKmovida15,16
ToolArticle,16
article_free,16
MinSanteRDC,16
creator_article,16
lilambersingh,16
BaronianConsult,16
TheArticleGene1,16
CreatorArticle,16
airiters,16
"he knew it was time to rush to the hospital..â€¦\"",16
RC_RAMIRES,16
celso54tricolor,16
HSEImm,15
dyothehun,15
Gan,15
1Kimsey,15
IngoOverton,15
AbreuAvelar,15
tngsmama,15
doctorsensation,15
VeritasEver,15
ainbyoo,14
trstdtravlr,14
verdbrancogrena,14
southernkimmy,14
Respiratory infections,14
BernardoZilli5,14
SMacMillanMD,14
nordicgeo,14
MinofHealthUG,14
ViraBurnayeva,14
_Buttercup_Cake,14
NFIDvaccines,14
Laurie_Garrett,14
WHOUganda,14
Abdo82499216,14
NamasteNoelle,14
mateusduque,14
SNCCLA,14
KHCqi,14
calderdaleccg,13
PaulEPetersen,13
AB_Munster,13
MsMediaBeth,13
PrimitiveMeat1,13
MackayIM,13
H7N9Influenza,13
RonaldKlain,13
GoingViral_pod,13
AleChagasFFC,13
THealthNetwork,13
ebscbwi,13
mcmflum,13
ImmunizeNV,13
lizarddisco,13
Wallace_Noll,13
owenmp,13
jianluca192,13
fisyuyouji,12
DelthiaRicks,12
cc_martell,12
duo_koji,12
"racist myth of 'Chinese restaurant syndrome' just won't die.\" The Chinese placeâ€¦\"",12
CDCFlu,12
vievararosel,12
GhostLatest,12
newstermer,12
gleisonfoxx,12
paulerudolph,12
tonihazellgp,12
mindofmani,12
koppk_OHPGXC,12
ShivendraKSinh1,12
KukaPharma,12
afc1gunner,12
SaludHEALTHinfo,12
ISPM_ZOAP,12
scopedbylarry,11
AdriMarquezE,11
MtuPombe,11
KabessaTricolor,11
flushotbotv2,11
yabazoul,11
Begunamara,11
maiamajumder,11
money_lets_make,11
TheMomUnleashed,11
StarAkiraKurusu,11
Ms_Asia_Pacific,11
ryl5858,11
canoester,11
poandpo,11
BiteOfAMosquito,11
Guedaoo,11
bielmendes07,11
andrewfprice,11
yusra_abid4,11
AmaalStarling,11
healthmcrhc,11
ReinhardAhmad,11
Ã  ce rythme,11
beatflu,11
punmetaphorica,11
xxPHAN7OMxx,11
as is fibromyalgia,11
inablinkblog,11
Rosies_Youtube,11
SpassosRJ,11
NHSMKCCG,10
Don04494745,10
KarmaSJustice,10
LeandroDiasNF,10
"nothing close. It's the most just. I also like giving at least one playoff spoâ€¦\"",10
sujeitoffc,10
CedenoMallita,10
JoyMagadju,10
Jennasm66663888,10
OscilloUSA,10
CnBsNana,10
Colinegreen,10
along w/ a mom of triplets,10
babyxcutxthroat,10
FLAHAULT,10
neil_bodie,10
TNDeptofHealth,10
CuresCancer,10
UgandaRedCross,10
ViecBuonBan,10
Azeria64Azeria,10
9_11_IsAnInside,10
BBPublicHealth,10
Hcidibi,10
MSouza_Leandro,10
jim_herd,10
africaupdates,10
WerneeRodrigues,10
serfluminensett,10
hpscireland,10
xileenie,10
euribeiro1,10
lancenet,10
Eudespjr,10
ThurrockCCG,10
1981Olavo,10
khalilhumam,10
bbbrieger,10
Pedromendonca15,10
JHCPW,10
tvanon1,10
CayetanoMendoz8,9
Denilsonpn01,9
TheTipToeFairy,9
RTostesLeal,9
mslauryntrill,9
dianne1h,9
"si pensava si potesse fermare un'epidemia di #Ebola in poche settimane. Ma in norâ€¦\"",9
frankpallotta,9
NotOfIt7k,9
himynameisteph,9
quelffc,9
pathogenomenick,9
MomAndNewborn,9
Sergiopinto95,9
CIDRAP,9
ThiagoBueno08,9
Lilpearlyy,9
AndreaCoventry,9
Nvnws,9
thelonevirologi,9
askdocgan,9
CumbriaCC,9
AVONHMO,9
ProcessinhoBR,9
CandlesCandi,9
EuclidesFla,9
kelmopolitan,9
TonyBaduy,9
WesleySantoos14,9
"with a virus in a closed room -â€¦\"",9
mmahotstuff1,9
DrNancyM_CDC,9
rtsetoristascfc,9
"a threat to their life?\"",9
alexathaide,9
ffc_Jn,9
GabrielaAlCIVAR,9
JamieGlazov,9
Fthugr1,9
lindahobbis,9
ShelbyTNHealth,9
lynnmengusa,9
Donnaleusner,9
svagdis,9
NSCPhealth,9
FactualFace,9
eClinicalTrial,9
Seekandfind,9
lance_flu,9
Black_LAURENT,9
ThisMomHCN,9
carv_bethannia,9
Kongo24h,9
kazffc,9
Wangqhazar,9
atom_Alliance,9
"but we both likeâ€¦\"",9
sandyc1772,9
MyKidsGuide,9
jacksonmukunda,9
QNuevomedio,8
thereal_truther,8
BIOCIENCIA2013,8
Guerreiro_FFC,8
SSulakshna,8
InfoTricolor10,8
maripguzzo,8
NilzaFlu,8
mcbridetd,8
dr_judes,8
ChieAleman,8
NHSStockportCCG,8
sandoly,8
mission2heal,8
ElkaNahKipNgeno,8
damien_shark,8
team_csf,8
16WAPTNews,8
JennieSynnott,8
SSaluseke,8
NossoFluminense,8
Lamed_Vav,8
MSF,8
ZaidenMiranda,8
PeedroCRF_,8
aetiology,8
jsismee,8
SimplyStassi,8
Vemshnub,8
KotonohaAkane,8
VickieBrownlee,8
veroicone,8
ChangeIA,8
agillesen1,8
"hanya mengandung anak ayam.\"",8
HyperHygiene,8
diseasepandemi1,8
AydaPati,8
"and that starts with additional personnel.\"  https://t.câ€¦\"",8
YNdjoli,8
mamakinsi,8
IsraelNewsLinks,8
bearface_,8
Ndecasilabos,8
markusettenheim,8
delamed,8
victormendes8,8
GlobalPHObserv,8
anjanthesandman,8
city_people1,8
drshahrul80,8
immunize_de,8
HamCoHealth,8
PAHealthDept,8
learntherisks,8
CplBart,8
MHCCMD,8
bottreaux,8
VaccinesToday,8
ImmunizedotCa,8
SalfordCCG,8
fafazinha_147,8
mephy2,8
Ozpaniard,8
gallotti03,8
LorD_Liza,8
nicolacois,8
DrAsifQasim,8
fpizart,8
history1867,8
SamiAlsubaihi,8
SabrielClayr,8
CEPIvaccines,8
Jadwong,8
CaliforniaNP,8
LaLaRueFrench75,8
GSKUS,8
maynguyen57,8
Artur__Matheus,8
StateStatus_PA,8
DenahiMom,8
bathonglesego_,8
RjNotRajay,8
treda10,8
RareDiseaseBot,8
GreySouthwick,8
countryboots126,8
quojoclaude,8
diegoRtorres,8
NightStar44,8
MiddleEastMnt,8
LeoMC09,8
Francis56057716,8
minitornado86,7
DoguiinhaNS,7
Jsmithjax,7
airnation,7
FMcQueen31,7
GustavoCMatta,7
o_grobo,7
JeremyFarrar,7
djt10,7
BenMayassi,7
AskChefDennis,7
RDxWhatElse,7
TropicalMed_Bio,7
hg_imagiste,7
rafaelnunes92,7
Abdullmajiidz,7
mphaRx,7
vScienceBites,7
STFUImTweetn0_o,7
flutinder_,7
jlgervaise,7
ABatemanHouse,7
NHSEnglandSW,7
sallyeastman1,7
srccg,7
gakuwari_ramen,7
KarenPe95911585,7
AANP_NEWS,7
coutiin_gabriel,7
deltakr,7
FemmeFibro,7
EINH1N1News,7
whatsonthorold2,7
doctr_pro,7
CathyWr58910445,7
HubmannMichaela,7
KlaVeld,7
sdelagrave,7
goodsam,7
gassin123Charts,7
WatsonHeadache,7
izglitibai,7
MIES_Zona4,7
Sergemadika,7
NHSaaa,7
EmmaGPaley,7
TatyBravo5,7
askmenfess,7
WarksNorthCCG,7
maxteemy,7
SE_Mamelund,7
"part of Strange Horizons. Go over and have a read. https://t.co/oECb0uDrgA\"",7
customdeluxe79,7
iBoldNews,7
IFRCAfrica,7
asksterlingmd,7
Doc_Roesler,7
eldispensador,7
UNICEFDRC,7
liveluvtx,7
obrasantioquia,7
PWoodfall,7
NHSflufighter,7
CofHEQ,7
parada_mi,7
PullerioCRF,7
Fre_CP,7
xxandreza,7
jboudazin,7
nembotavy_0101,7
strategicpolicy,7
amymaxmen,7
gustavomc11,7
DraAChvez,7
kalemeko,7
GaviSeth,7
CaptObvious63,7
dmnascimento,7
JaneRuth_Aceng,7
where we were supposed to flee,7
goodbuysalltime,7
ahcazevedo,7
_dietsehat_,7
smfranco7,7
ZikaVirus_News,7
YozellAssoc,7
EdwardLarivee,7
RdMaisEsportes,7
royalrea_,7
priorymedicalgp,7
AYNINA95,7
precisa,7
_isasco,7
FluChicUrban,7
FetishesPorn,7
CensieJ,7
Joyrideplease,7
FlutebolTotal,7
NHSEngland,7
tlsaloranta,7
AllWellGuide,7
Magpi_Mobile,7
mariajuliaffc,7
aspiesmom,7
LCPH_OR,7
MommyMaye,7
DavidDecaturga,7
iprimmey,7
MigraineMantras,7
ABCDE2017,7
babyandkids123,7
deezer234,7
FriendsOfSciMed,7
Mul4mb0,7
AlimaOng,7
benhaygood,7
DrRebeccaO,7
jwharvoa,7
Addams_Family9,7
Takashi37592526,7
mneves_,7
BarbaraFicarra,7
jonella_moore,7
rmchiq,7
FitzGab,7
kinshasainforme,7
mlqpatrickk,7
or ðŸ‘„,7
bridget4kicks,7
BermudasOwn,7
LuizcomZGabriel,7
IBSRemedy,7
wilsonjmashaka,7
Michael26645846,6
mnarbs,6
louisepickles25,6
LydiaMFanfan,6
emweeklyrpt,6
OUHospitals,6
joonseason,6
Franjad63,6
EvidenceRobot,6
bibeypost_stock,6
NicholasKabanga,6
vijamsonic,6
jeff_ibn_tom,6
OBenPotter,6
lufermundy,6
milelongbeard,6
drugstoredivas,6
LAHospitals,6
365DaysofBaking,6
"as disease researcher are in new mutant flu strains.\"",6
OctopusCaveman,6
SalaverryKaren,6
Eranug,6
GBiel_17,6
WorldHealthNews,6
Afropages,6
lluis1966,6
InfluenzaHub,6
tropicafrica,6
Just4TheCause,6
barryr33082845,6
FfitzP,6
MedEdPGH,6
ThiagoCarusoFFC,6
ebola_germany,6
NHSHullCCG,6
KarmicTimes,6
Chena_Punim,6
Hygieia2016,6
mrlepus,6
BaxterRegional,6
Lib_Librarian,6
GaryL_,6
Gasbytweet,6
itoldyousoo,6
drpatfarrell,6
JuanCordeiro_11,6
leandro76rj,6
SHaWPAH1,6
ApicNE,6
WonderfulWakey,6
AbraarKaran,6
mpftnhs,6
thiswortheylife,6
StanfordHP,6
JBrady78747216,6
harumagedon,6
MoDroJoJo,6
aboutreed,6
hundfred,6
PHLHlthPrepare,6
OpokzTheMaverik,6
erincmeyer,6
vipertoxin,6
LaurenWeberHP,6
CancerReverse,6
mychronicbrain,6
gahbianchi,6
ALEFLUZAO,6
statnews,6
KSU_NABC,6
PinkJJBoy,6
AlSoto9,6
roblwilson,6
seaglass34,6
ConservamomE,6
FluNoticia,6
AllisonsChemist,6
DrBiswajit_,6
flyersgrl28,6
FiveRiversHC,6
mlnangalama,6
allafrica,6
ELSanPabloFC,6
high_mas,6
drfixus,6
scdhec,6
WSPARX,6
bio500x,6
vidamthamilton,6
FluFighterSWBH,6
EdzardErnst,6
Snivyshy,6
j_ribeiroo,6
Reid_Health,6
AmericanRising,6
CDC_NCEZID,6
IDSAInfo,6
motto_fred,6
KorieUNFPA,6
PileOfGoop,6
PHLPublicHealth,6
defendressofsan,6
HeatherOEPR,6
LotsOfLoveFromM,6
equityhealthdev,6
FalialaKiza,6
Babydok123,6
Hoosiersvaccin8,6
rdc_ong,6
EiriniHS,6
CrweWorld,6
PascalTshiams,6
ThePebbleGirl,6
Aa_Facility_Svc,6
CraigR3521,6
thefrugalforage,6
SupplyChainSN,6
3tw3kankain,6
xiomyjd,6
joaovitorep,6
GrandCountyOEM,6
tonytonerro9,6
Watermelon_AIM,6
bromleyhcare,6
NHSDWS,6
scarfizal,6
_jnrmichel_,6
CrazyRxMan,6
and_kell,6
John_KissMyBot,6
TeamNUH,6
912CroozeFM,6
NeySouza77,6
APPRISE_CRE,6
EFlunet,6
EcoInternet3,6
100deathgrind,6
grmjinyoung,6
LarrivaBertha,6
ridbay,6
CF_Pearson,6
fluzaobruninho,6
ThxWhiteSnake,6
RobChristie11,6
No9KeepltTucked,6
ASTHO,6
ffcleett,6
LifesABargain,6
SAAD_hun,6
rskeehn,6
UHNM_NHS,6
NeilsArsenal,6
SYOLOServicesss,6
GREUBELINUX,6
petrakle,6
HealthyBuilds,6
j0j0_bot,6
LCH_IPC,6
Whoneedsacape,6
RedPillMagaMom,6
ghia1212,6
Felix_Sarcona,6
furto98,6
fairfaxhealth,6
MisterMeznir,6
rs_simoes,6
OccuWorld,6
PeterRMare,6
VIPortalINC,6
SandersFilters,6
enginyargic,6
Lawton_Pharmacy,6
bane360,6
KaylaMadeInPink,6
NanoSafe1,6
ProtectMeWith3,6
IPACJames,6
monis1013,6
Vi_VIorg,6
FLUDUST,6
Shontrease1,6
PinkNinjaBlogg,6
DukesnDuchesses,6
mrgobbles78,6
EuropeUnion,6
Mpafarias3,6
momblogsociety,6
thelesbianfairy,6
KPbewelldoc,6
catswithnohope,6
MCBazacoPhD,6
USHomeless,6
Ms_lol_tweets,6
LakeCoHealth,6
caiquepp,6
NHSCumbriaCCG,6
mychirocsc,6
bermaninstitute,6
und wir kÃ¶nnen nur gewinnen,6
falapredo,6
kuriousmind93,6
familydoctor,6
melindatamplin,6
rsbellmedia,6
OMpanga,6
EzFlightRefunds,6
47,6
HealthcAdvisors,6
ResearchEpi,6
ironorehopper,6
jjwills2,6
alllibertynews,6
johniky1,6
MicrobesInfect,6
NandaLirio,6
MishaFirdous,6
sciencereminder,6
ainunnajib,6
yayayarndiva,6
xavierdollza,6
MSF_WestAfrica,6
Luandepaula20,6
